{
    "guitar": 0.5728111023493097,
    "drums": 0.5815463161395793,
    "violin": 0.6551079484370015,
    "bass": 0.5484246138445107
}